
{
  "header": {
    "reportVersion": 1,
    "event": "Allocation failed - JavaScript heap out of memory",
    "trigger": "FatalError",
    "filename": "report.20200206.210123.3996.0.001.json",
    "dumpEventTime": "2020-02-06T21:01:23Z",
    "dumpEventTimeStamp": "1581008483461",
    "processId": 3996,
    "cwd": "C:\\Users\\User\\Desktop\\project_final",
    "commandLine": [
      "node",
      "server"
    ],
    "nodejsVersion": "v12.14.1",
    "wordSize": 32,
    "arch": "ia32",
    "platform": "win32",
    "componentVersions": {
      "node": "12.14.1",
      "v8": "7.7.299.13-node.16",
      "uv": "1.33.1",
      "zlib": "1.2.11",
      "brotli": "1.0.7",
      "ares": "1.15.0",
      "modules": "72",
      "nghttp2": "1.40.0",
      "napi": "5",
      "llhttp": "2.0.1",
      "http_parser": "2.8.0",
      "openssl": "1.1.1d",
      "cldr": "35.1",
      "icu": "64.2",
      "tz": "2019c",
      "unicode": "12.1"
    },
    "release": {
      "name": "node",
      "lts": "Erbium",
      "headersUrl": "https://nodejs.org/download/release/v12.14.1/node-v12.14.1-headers.tar.gz",
      "sourceUrl": "https://nodejs.org/download/release/v12.14.1/node-v12.14.1.tar.gz",
      "libUrl": "https://nodejs.org/download/release/v12.14.1/win-x86/node.lib"
    },
    "osName": "Windows_NT",
    "osRelease": "6.1.7601",
    "osVersion": "Windows 7 Professional Service Pack 1",
    "osMachine": "i686",
    "cpus": [
      {
        "model": "Intel(R) Core(TM)2 Duo CPU     E4500  @ 2.20GHz",
        "speed": 2200,
        "user": 1146654,
        "nice": 0,
        "sys": 349145,
        "idle": 1828581,
        "irq": 15522
      },
      {
        "model": "Intel(R) Core(TM)2 Duo CPU     E4500  @ 2.20GHz",
        "speed": 2200,
        "user": 963025,
        "nice": 0,
        "sys": 285544,
        "idle": 2074610,
        "irq": 14211
      }
    ],
    "networkInterfaces": [
      {
        "name": "Local Area Connection",
        "internal": false,
        "mac": "00:1d:60:58:4f:43",
        "address": "fe80::b15e:bb86:3d77:f990",
        "netmask": "ffff:ffff:ffff:ffff::",
        "family": "IPv6",
        "scopeid": 12
      },
      {
        "name": "Local Area Connection",
        "internal": false,
        "mac": "00:1d:60:58:4f:43",
        "address": "192.168.6.84",
        "netmask": "255.255.255.0",
        "family": "IPv4"
      },
      {
        "name": "Loopback Pseudo-Interface 1",
        "internal": true,
        "mac": "00:00:00:00:00:00",
        "address": "::1",
        "netmask": "ffff:ffff:ffff:ffff:ffff:ffff:ffff:ffff",
        "family": "IPv6",
        "scopeid": 0
      },
      {
        "name": "Loopback Pseudo-Interface 1",
        "internal": true,
        "mac": "00:00:00:00:00:00",
        "address": "127.0.0.1",
        "netmask": "255.0.0.0",
        "family": "IPv4"
      }
    ],
    "host": "User-PC"
  },
  "javascriptStack": {
    "message": "No stack.",
    "stack": [
      "Unavailable."
    ]
  },
  "nativeStack": [
  ],
  "javascriptHeap": {
    "totalMemory": 538898432,
    "totalCommittedMemory": 538898432,
    "usedMemory": 536789724,
    "availableMemory": 11751480,
    "memoryLimit": 549453824,
    "heapSpaces": {
      "read_only_space": {
        "memorySize": 262144,
        "committedMemory": 262144,
        "capacity": 262008,
        "used": 22100,
        "available": 239908
      },
      "new_space": {
        "memorySize": 1048576,
        "committedMemory": 1048576,
        "capacity": 524016,
        "used": 162760,
        "available": 361256
      },
      "old_space": {
        "memorySize": 442572800,
        "committedMemory": 442572800,
        "capacity": 442279268,
        "used": 442208360,
        "available": 70908
      },
      "code_space": {
        "memorySize": 425984,
        "committedMemory": 425984,
        "capacity": 215104,
        "used": 215104,
        "available": 0
      },
      "map_space": {
        "memorySize": 528384,
        "committedMemory": 528384,
        "capacity": 180240,
        "used": 180240,
        "available": 0
      },
      "large_object_space": {
        "memorySize": 94011392,
        "committedMemory": 94011392,
        "capacity": 93999144,
        "used": 93999144,
        "available": 0
      },
      "code_large_object_space": {
        "memorySize": 49152,
        "committedMemory": 49152,
        "capacity": 2016,
        "used": 2016,
        "available": 0
      },
      "new_large_object_space": {
        "memorySize": 0,
        "committedMemory": 0,
        "capacity": 524016,
        "used": 0,
        "available": 524016
      }
    }
  },
  "resourceUsage": {
    "userCpuSeconds": 121.992,
    "kernelCpuSeconds": 1.684,
    "cpuConsumptionPercent": 111.42,
    "maxRss": 658472960,
    "pageFaults": {
      "IORequired": 375745,
      "IONotRequired": 0
    },
    "fsActivity": {
      "reads": 254,
      "writes": 1
    }
  },
  "libuv": [
  ],
  "environmentVariables": {
    "=::": "::\\",
    "=C:": "C:\\Users\\User\\Desktop\\project_final",
    "=ExitCode": "C000013A",
    "ALLUSERSPROFILE": "C:\\ProgramData",
    "APPDATA": "C:\\Users\\User\\AppData\\Roaming",
    "ChocolateyInstall": "C:\\ProgramData\\chocolatey",
    "cmd": "C:\\Windows\\System32\\cmd.exe",
    "CommonProgramFiles": "C:\\Program Files\\Common Files",
    "COMPUTERNAME": "USER-PC",
    "COMSPEC": "C:\\Windows\\system32\\cmd.exe",
    "HOMEDRIVE": "C:",
    "HOMEPATH": "\\Users\\User",
    "LOCALAPPDATA": "C:\\Users\\User\\AppData\\Local",
    "LOGONSERVER": "\\\\USER-PC",
    "MOZ_PLUGIN_PATH": "C:\\Program Files\\Foxit Software\\Foxit Reader\\Foxit Reader\\plugins\\",
    "NUMBER_OF_PROCESSORS": "2",
    "OneDrive": "C:\\Users\\User\\OneDrive",
    "OS": "Windows_NT",
    "Path": "C:\\Windows\\System32\\cmd.exe;C:\\Program Files\\Git\\cmd;C:\\Program Files\\nodejs\\;C:\\ProgramData\\chocolatey\\bin;C:\\Program Files\\Microsoft VS Code Insiders\\bin;C:\\Users\\User\\AppData\\Local\\Programs\\Python\\Python38-32\\Scripts\\;C:\\Users\\User\\AppData\\Local\\Programs\\Python\\Python38-32\\;C:\\Users\\User\\AppData\\Local\\Programs\\Python\\Python36-32\\python.exe;C:\\Users\\User\\AppData\\Roaming\\npm",
    "PATHEXT": ".COM;.EXE;.BAT;.CMD;.VBS;.JS;.WS;.MSC",
    "PROCESSOR_ARCHITECTURE": "x86",
    "PROCESSOR_IDENTIFIER": "x86 Family 6 Model 15 Stepping 13, GenuineIntel",
    "PROCESSOR_LEVEL": "6",
    "PROCESSOR_REVISION": "0f0d",
    "ProgramData": "C:\\ProgramData",
    "ProgramFiles": "C:\\Program Files",
    "PROMPT": "$P$G",
    "PSModulePath": "C:\\Windows\\system32\\WindowsPowerShell\\v1.0\\Modules\\",
    "PUBLIC": "C:\\Users\\Public",
    "SESSIONNAME": "Console",
    "SystemDrive": "C:",
    "SystemRoot": "C:\\Windows",
    "TEMP": "C:\\Users\\User\\AppData\\Local\\Temp",
    "USERDOMAIN": "User-PC",
    "USERNAME": "User",
    "USERPROFILE": "C:\\Users\\User",
    "windir": "C:\\Windows",
    "windows_tracing_logfile": "C:\\BVTBin\\Tests\\installpackage\\csilogfile.log"
  },
  "sharedObjects": [
    "C:\\Program Files\\nodejs\\node.exe",
    "C:\\Windows\\SYSTEM32\\ntdll.dll",
    "C:\\Windows\\system32\\kernel32.dll",
    "C:\\Windows\\system32\\KERNELBASE.dll",
    "C:\\Windows\\system32\\dbghelp.dll",
    "C:\\Windows\\system32\\msvcrt.dll",
    "C:\\Windows\\system32\\WS2_32.dll",
    "C:\\Windows\\system32\\RPCRT4.dll",
    "C:\\Windows\\system32\\NSI.dll",
    "C:\\Windows\\system32\\ADVAPI32.dll",
    "C:\\Windows\\SYSTEM32\\sechost.dll",
    "C:\\Windows\\system32\\USER32.dll",
    "C:\\Windows\\system32\\GDI32.dll",
    "C:\\Windows\\system32\\LPK.dll",
    "C:\\Windows\\system32\\USP10.dll",
    "C:\\Windows\\system32\\IPHLPAPI.DLL",
    "C:\\Windows\\system32\\WINNSI.DLL",
    "C:\\Windows\\system32\\PSAPI.DLL",
    "C:\\Windows\\system32\\USERENV.dll",
    "C:\\Windows\\system32\\profapi.dll",
    "C:\\Windows\\system32\\CRYPT32.dll",
    "C:\\Windows\\system32\\MSASN1.dll",
    "C:\\Windows\\system32\\bcrypt.dll",
    "C:\\Windows\\system32\\WINMM.dll",
    "C:\\Windows\\system32\\IMM32.DLL",
    "C:\\Windows\\system32\\MSCTF.dll",
    "C:\\Windows\\system32\\api-ms-win-core-synch-l1-2-0.DLL",
    "C:\\Windows\\system32\\powrprof.dll",
    "C:\\Windows\\system32\\SETUPAPI.dll",
    "C:\\Windows\\system32\\CFGMGR32.dll",
    "C:\\Windows\\system32\\OLEAUT32.dll",
    "C:\\Windows\\system32\\ole32.dll",
    "C:\\Windows\\system32\\DEVOBJ.dll",
    "C:\\Windows\\system32\\uxtheme.dll",
    "C:\\Windows\\system32\\mswsock.dll",
    "C:\\Windows\\System32\\wshtcpip.dll",
    "C:\\Windows\\System32\\wship6.dll",
    "C:\\Windows\\system32\\bcryptprimitives.dll",
    "C:\\Windows\\system32\\dhcpcsvc6.DLL",
    "C:\\Windows\\system32\\dhcpcsvc.DLL",
    "C:\\Windows\\system32\\NLAapi.dll",
    "C:\\Windows\\system32\\napinsp.dll",
    "C:\\Windows\\system32\\pnrpnsp.dll",
    "C:\\Windows\\system32\\DNSAPI.dll",
    "C:\\Windows\\System32\\winrnr.dll"
  ]
}